n_tips|r0|a0|frac0|tree
30|2.54442796677817|0.0349650873779319|0.517178321373649|(((t2:0.7801232126,((t11:0.5099741638,(t24:0.09038719971,t19:0.09038719971):0.4195869641):0.1880137771,(t25:0.5440427743,(t7:0.3522119707,t14:0.3522119707):0.1918308035):0.1539451666):0.08213527175):0.4001222216,(((t3:0.2662235354,(t10:0.08922530258,(t16:0.07563360771,t22:0.07563360771):0.01359169487):0.1769982328):0.2145863006,t5:0.480809836):0.6810126782,((((t21:0.2108036773,t30:0.2108036773):0.4606602764,(((t27:0.036476283,t12:0.036476283):0.5454256173,t20:0.5819019003):0.03270410092,t29:0.6146060012):0.05685795251):7.544390247e-05,((t8:0.4670279471,(t6:0.1525033335,(t23:0.03459233164,t15:0.03459233164):0.1179110019):0.3145246136):0.07162148379,(t18:0.2857542986,(t1:0.2365243214,t13:0.2365243214):0.04922997721):0.2528951323):0.1328899667):0.03343108878,t17:0.7049704864):0.4568520278):0.01842291998):0.7472120228,(t26:0.318758373,(t9:0.06233151333,(t28:0.05795918924,t4:0.05795918924):0.004372324087):0.2564268597):1.608699084):0.6018638254;
22|0.719873864457477|0.35904290715931|0.934919040300883|(((((t18:0.8869122256,t8:0.8869122256):0.3826756217,t7:1.269587847):1.167676178,(((((t14:0.1800435196,t17:0.1800435196):1.220653514,(t16:1.112294135,((t3:0.11424862,t21:0.11424862):0.1443984418,t12:0.2586470618):0.8536470731):0.2884028986):0.1012036009,t11:1.501900635):0.04298439268,(t2:0.9634651268,(t19:0.4105168633,t10:0.4105168633):0.5529482636):0.5814199004):0.7436480273,((t1:0.2997644847,t5:0.2997644847):0.7670359047,(t22:0.6282197199,t13:0.6282197199):0.4385806695):1.221732665):0.1487309703):0.1111929962,(t4:0.8356349247,(t15:0.5133575275,(t20:0.1862668364,t6:0.1862668364):0.3270906911):0.3222773972):1.712822096):1.112297379,t9:3.6607544):0.03414991759;
11|0.265224888983648|0.296549379911739|0.896479594754055|(((t3:2.652731128,(t7:2.244752017,t5:2.244752017):0.4079791104):0.3640814163,t8:3.016812544):3.208075004,((((t1:1.457506807,t2:1.457506807):1.928685437,(t11:1.292015008,(t9:1.233184436,t4:1.233184436):0.05883057198):2.094177236):1.034327718,t10:4.420519962):0.8803026589,t6:5.300822621):0.9240649271):0.3195821868;
25|2.47437190238154|0.422818681304343|0.814241782180034|((t7:0.3543180625,(t3:0.05570105594,t9:0.05570105594):0.2986170066):0.3278171806,(((t17:0.09372609145,t16:0.09372609145):0.4956482875,(((((t23:0.1440833829,t20:0.1440833829):0.02610533453,t11:0.1701887174):0.07061634448,t12:0.2408050619):0.0681486188,((t24:0.2192869631,t25:0.2192869631):0.04828696407,t18:0.2675739272):0.04137975352):0.08988142514,(t22:0.2794531052,((t10:0.1198251243,(t8:0.03320621219,t13:0.03320621219):0.08661891209):0.1024820858,(t15:0.0107781426,(t1:0.008721147229,t21:0.008721147229):0.002056995368):0.2115290675):0.05714589506):0.1193820007):0.1905392731):0.009109771077,(((t5:0.04849701648,t6:0.04849701648):0.04023532112,(t4:0.05470142468,(t19:0.0248595524,t14:0.0248595524):0.02984187228):0.03403091292):0.006356085543,t2:0.09508842314):0.5033957269):0.08365109307):0.4383431793;
19|3.99207398905186|0.244589204122312|0.886761854635552|(((t16:0.6061679959,(t10:0.5260194052,((t7:0.2748419291,t11:0.2748419291):0.1350081166,(t8:0.1604429917,((t19:0.1241704077,((t5:0.01281986426,t3:0.01281986426):0.1013364087,t12:0.114156273):0.01001413474):0.01237213258,t6:0.1365425403):0.02390045143):0.2494070539):0.1161693595):0.08014859075):0.3126483904,(((t14:0.1489536017,t9:0.1489536017):0.2780948526,(t13:0.2424557851,((t18:0.0149101664,t4:0.0149101664):0.07254244036,t15:0.08745260676):0.1550031783):0.1845926692):0.03231153594,t1:0.4593599902):0.4594563961):0.06097182,(t17:0.05957173563,t2:0.05957173563):0.9202164707):0.1720869128;
48|3.01998129761778|0.0116139701823704|0.510297648957931|(((((t2:0.61225403,(t19:0.5747286278,(t32:0.3378044411,((t3:0.2338166521,(t21:0.1897289545,t25:0.1897289545):0.04408769762):0.0758500644,t42:0.3096667165):0.02813772459):0.2369241867):0.03752540222):0.01890204134,((t20:0.4813669223,(t17:0.1276383671,(t4:0.004319909063,t35:0.004319909063):0.1233184581):0.3537285552):0.05578280752,(t9:0.2698268355,t31:0.2698268355):0.2673228943):0.09400634152):0.1473360649,((((t26:0.08852876943,t47:0.08852876943):0.4293386481,t1:0.5178674175):0.1362544136,t40:0.6541218311):0.1036875515,(((t7:0.09867963344,t37:0.09867963344):0.2812956319,((t30:0.1614720484,t43:0.1614720484):0.03890738882,t12:0.2003794372):0.1795958281):0.3674133035,(t39:0.4158899889,t44:0.4158899889):0.3314985799):0.0104208139):0.02068275355):0.07644463857,(t16:0.4739215717,t45:0.4739215717):0.3810152031):0.2869956039,((((t11:0.526750177,t6:0.526750177):0.3259529282,(((t5:0.1064878073,t33:0.1064878073):0.2346436558,t28:0.3411314631):0.006283437442,t22:0.3474149006):0.5052882047):0.07629880137,((((t46:0.1164325952,t14:0.1164325952):0.1218378544,t36:0.2382704495):0.1601152825,t34:0.3983857321):0.1829744313,((t41:0.3217904841,((t8:0.0921517889,t15:0.0921517889):0.03984242983,t29:0.1319942187):0.1897962654):0.2100889955,t10:0.5318794796):0.04948068375):0.3476417433):0.08953190039,((t38:0.4794149388,((t27:0.2752363638,t23:0.2752363638):0.1895078858,(t18:0.1295064025,t48:0.1295064025):0.3352378472):0.0146706891):0.07343380136,(t24:0.2396908523,t13:0.2396908523):0.3131578878):0.4656850669):0.1233985716):0.02995764803;
24|0.728146621587221|0.145512759727426|0.842181562678888|((t11:1.874516367,(t21:0.320083618,t20:0.320083618):1.55443275):1.353345746,(((t6:1.201409098,t15:1.201409098):1.07663948,(((t14:0.1366026138,t18:0.1366026138):0.6598689999,t17:0.7964716137):0.5273286569,t24:1.323800271):0.9542483073):0.8540313617,(t5:1.978695217,((((t1:0.008064876259,t23:0.008064876259):1.087737351,(t2:0.4447211195,t12:0.4447211195):0.6510811081):0.1270963151,(t19:0.3831642256,t22:0.3831642256):0.8397343171):0.746845886,((t8:1.229131741,((t9:0.1019692918,t16:0.1019692918):0.5982447616,(t10:0.007188102306,t4:0.007188102306):0.6930259511):0.5289176881):0.6506957361,(t3:0.7159142057,(t13:0.6996974421,t7:0.6996974421):0.01621676363):1.163913272):0.08991695125):0.008950788003):1.153384723):0.09578217421):3.948382042;
26|2.67972947619157|0.44305273976177|0.508582153823227|(((t17:0.4176314287,((t13:0.3336161978,((t18:0.2731693321,t10:0.2731693321):0.05440376524,(t22:0.2954143519,(t16:0.05616785865,t11:0.05616785865):0.2392464932):0.03215874543):0.006043100467):0.07955884079,t6:0.4131750386):0.004456390127):0.2808712165,((t15:0.05523143453,t4:0.05523143453):0.4228654063,((t21:0.1423425223,t5:0.1423425223):0.1048654805,(t8:0.03147836101,t1:0.03147836101):0.2157296417):0.2308888381):0.2204058043):1.105316294,(((t7:0.4813066246,((t24:0.01730459709,t23:0.01730459709):0.2412301873,t3:0.2585347844):0.2227718402):0.1106968397,(t2:0.5371579295,t20:0.5371579295):0.05484553479):0.1685271722,((t12:0.1754962418,t25:0.1754962418):0.1066722741,(((t26:0.1494990988,t9:0.1494990988):0.1047725676,t14:0.2542716664):0.01894441953,t19:0.273216086):0.0089524299):0.4783621206):1.043288303):0.1624990466;
20|2.4365595912165|0.431199374611024|0.788578511215746|((((t16:0.4992214262,t9:0.4992214262):0.05060194434,(t8:0.494610709,(t14:0.0041706669,t5:0.0041706669):0.4904400421):0.05521266147):0.107056831,(((t17:0.03812183763,(t19:0.01045557977,t15:0.01045557977):0.02766625786):0.2024586738,((t10:0.2362898262,t20:0.2362898262):0.001817156842,t1:0.2381069831):0.002473528405):0.09120380159,t4:0.3317843131):0.3250958884):0.276469819,(((((t7:0.01211940213,t2:0.01211940213):0.06487710322,t13:0.07699650535):0.007185626347,t6:0.0841821317):0.01958192923,t3:0.1037640609):0.3584535746,(t12:0.01406202218,(t11:4.031243035e-05,t18:4.031243035e-05):0.01402170975):0.4481556133):0.471132385):0.6957584099;
46|2.87198166561779|0.462269481222611|0.569832989014685|((((((t28:0.2824000239,(t8:0.1641030165,(t43:0.1381916572,t23:0.1381916572):0.02591135928):0.1182970074):0.1231705164,(t3:0.08073182382,(t7:0.004294374086,t12:0.004294374086):0.07643744973):0.3248387165):0.4301515713,((((t32:0.1691621337,(((t25:0.004845641659,t18:0.004845641659):0.06325412282,((t9:0.007023838074,t6:0.007023838074):0.01300369779,t37:0.02002753586):0.04807222862):0.04449695221,t42:0.1125967167):0.05656541702):0.0211111552,t20:0.1902732889):0.4033708372,t26:0.5936441262):0.03112329153,(((t40:0.1113719022,t33:0.1113719022):0.1672280325,t36:0.2785999347):0.1234059986,(t27:0.1134390824,(t15:0.009957033105,t2:0.009957033105):0.1034820492):0.288566851):0.2227614844):0.2109546939):0.0803342978,((t13:0.1587180761,t45:0.1587180761):0.6337493572,(((t22:0.411891883,t5:0.411891883):0.186854702,((t34:0.01959640067,t4:0.01959640067):0.3389586823,t24:0.3585550829):0.240191502):0.01398615802,((t17:0.334492234,(t46:0.0559965735,t16:0.0559965735):0.2784956605):0.2290456598,(t44:0.01573525373,t11:0.01573525373):0.5478026401):0.04919484915):0.1797346903):0.1235889761):0.569507823,t30:1.485564232):0.09022849214,(((t21:0.1776983383,(t39:0.003285220269,t10:0.003285220269):0.174413118):0.3618576331,(t29:0.1848260859,t19:0.1848260859):0.3547298856):0.06589739379,(((((t14:0.1116922716,t1:0.1116922716):0.1012023344,t41:0.212894606):0.0403514821,t31:0.2532460881):0.02860015949,t38:0.2818462476):0.2544752304,t35:0.5363214779):0.0691318873):0.9703393593):0.6086707186;
35|1.40774982559728|0.0449277544789948|0.633787940256298|(((((t27:0.7587943809,t33:0.7587943809):0.2033881437,(t10:0.2909290558,(t23:0.2220489086,t16:0.2220489086):0.06888014726):0.6712534687):0.1384086537,((t15:0.3151529822,t25:0.3151529822):0.6096155831,(((t26:0.3258013756,t28:0.3258013756):0.2131924531,t19:0.5389938287):0.06840801631,((t1:0.5355527151,(t20:0.4003027136,t21:0.4003027136):0.1352500015):0.006393336505,t30:0.5419460516):0.06545579337):0.3173667202):0.175822613):0.01042629044,((t12:0.1530370776,t5:0.1530370776):0.4410161108,((t31:0.1079851047,t4:0.1079851047):0.1711981968,(t6:0.1148359096,t8:0.1148359096):0.1643473919):0.3148698869):0.5169642803):0.6474991282,(((t3:0.8937717449,(t29:0.8589214611,(t13:0.02179164209,t14:0.02179164209):0.837129819):0.03485028381):0.4097239258,(((t18:0.04546999651,t17:0.04546999651):0.8349086299,t7:0.8803786264):0.3418192015,(t2:0.8518031491,(t34:0.7084561124,(t11:0.4775248797,(t35:0.2025622022,t22:0.2025622022):0.2749626775):0.2309312327):0.1433470367):0.3703946788):0.08129784284):0.2970288544,((t9:0.08533683655,t32:0.08533683655):1.51060332,t24:1.595940157):0.004584368405):0.1579920718):0.9624279697;
12|3.07370770793408|0.392660551839508|0.846651213476434|(((t7:0.1516464741,t1:0.1516464741):0.06757084202,t11:0.2192173161):0.5647112424,(((t12:0.09443412298,t8:0.09443412298):0.5612776763,(t5:0.1856014422,t2:0.1856014422):0.4701103571):0.01712028197,((t9:0.09593834952,t3:0.09593834952):0.25545402,(t4:0.1492767985,(t10:0.04455436116,t6:0.04455436116):0.1047224373):0.2021155711):0.3214397117):0.1110964772):0.9534731259;
18|2.04312566093169|0.230154420938343|0.641311713610776|((((t17:0.09987308018,t8:0.09987308018):0.2625995298,(t13:0.09476032993,(t14:0.07108769248,t5:0.07108769248):0.02367263745):0.26771228):0.5841454478,((((t1:0.01284931983,t15:0.01284931983):0.02520438095,t6:0.03805370079):0.7311597566,(t12:0.1336681781,t11:0.1336681781):0.6355452793):0.02269442605,(((t4:0.2546495371,t2:0.2546495371):0.2893824809,t9:0.544032018):0.02541630533,((t10:0.05897582958,t3:0.05897582958):0.5070976211,t7:0.5660734507):0.003374872614):0.2224595601):0.1547101743):0.298125396,(t16:0.2417585593,t18:0.2417585593):1.002984894):0.1414053207;
21|1.01539953739848|0.435674233117607|0.71535026258789|(((((t2:0.6161757251,t16:0.6161757251):0.4239099121,((t3:0.1027116543,t19:0.1027116543):0.2814503603,t5:0.3841620146):0.6559236226):0.5347464083,t4:1.574832046):0.07834447278,((t9:0.5957101125,t21:0.5957101125):0.6110704186,((t15:0.2957075525,t14:0.2957075525):0.3778566465,(t7:0.2664525282,t13:0.2664525282):0.4071116708):0.5332163321):0.4463959872):0.7356902697,((t20:0.7462300249,(t17:0.5041508393,t12:0.5041508393):0.2420791856):0.8612797438,((t8:0.08403779512,t6:0.08403779512):1.388524898,((t1:0.6941348365,(t11:0.204118253,t10:0.204118253):0.4900165835):0.5806686438,t18:1.27480348):0.1977592132):0.1349470753):0.7813570193):3.463840108;
12|3.16671296206303|0.377409262831788|0.910460464539938|(((((t11:0.04758571348,t2:0.04758571348):0.2415284259,(t6:0.005811334905,t4:0.005811334905):0.2833028045):0.1941944589,(t5:0.210831672,t7:0.210831672):0.2724769262):0.1128386372,(t10:0.3747378234,((t8:0.06143502526,t12:0.06143502526):0.1295425806,t3:0.1909776058):0.1837602176):0.221409412):0.1977183676,(t9:0.06438511214,t1:0.06438511214):0.7294804909):0.05883104322;
23|2.76938666377682|0.142066309528891|0.587672748253681|((((t16:0.122111688,t22:0.122111688):0.7331649615,(((t2:0.1234275626,t15:0.1234275626):0.1455745524,(t13:0.03260792262,t9:0.03260792262):0.2363941924):0.2112534189,t17:0.480255534):0.3750211155):0.01637019669,((((t20:0.1926290797,t6:0.1926290797):0.01838371642,(t23:0.1982142534,(t18:0.1335328639,t21:0.1335328639):0.0646813895):0.01279854274):0.2950621801,(t10:0.004584621322,t12:0.004584621322):0.5014903549):0.06943017544,(((t7:0.1672951171,t19:0.1672951171):0.1942022986,t14:0.3614974157):0.02333415803,(t3:0.1950040077,t1:0.1950040077):0.1898275661):0.190673578):0.2961416945):0.1928783529,((t4:0.7300980458,(t8:0.3558107293,t5:0.3558107293):0.3742873165):0.2172813099,t11:0.9473793557):0.1171458434):0.1867777996;
17|3.2054699312686|0.0437039850489236|0.779703881940804|(((t1:0.07132579667,t8:0.07132579667):0.4259129745,(((t9:0.1836681307,t12:0.1836681307):0.1148530549,(t3:0.03632928814,t11:0.03632928814):0.2621918975):0.1704825862,((t15:0.1414917303,(t14:0.07946957315,t13:0.07946957315):0.06202215715):0.1571709248,(((t6:0.02731720941,t5:0.02731720941):0.1719362671,t10:0.1992534765):0.03476025041,t7:0.2340137269):0.06464892814):0.1703411168):0.02823499928):0.06993432379,((t17:0.06410946197,t2:0.06410946197):0.08233178155,(t16:0.02320213044,t4:0.02320213044):0.1232391131):0.4207318514):0.2543015306;
21|1.16938352565747|0.0609169276128523|0.539509123889729|((t8:1.985418215,(t18:0.9730074495,t9:0.9730074495):1.012410765):1.197063034,((t4:0.1763215119,t2:0.1763215119):2.606264694,(((t5:1.0137879,t10:1.0137879):0.1678121421,t14:1.181600042):0.6167394524,(((t15:1.279981822,((t21:0.7500806249,((t6:0.1144342568,t1:0.1144342568):0.5988424363,t7:0.7132766931):0.0368039318):0.2801350165,t11:1.030215641):0.2497661802):0.2576069579,(t12:0.9447953694,(t19:0.9351858735,(t17:0.9317974106,(t20:0.8429435733,t16:0.8429435733):0.08885383732):0.003388462865):0.009609495896):0.5927934101):0.1839336055,(t13:0.1632046593,t3:0.1632046593):1.558317726):0.07681710932):0.9842467113):0.3998950431):0.3274685034;
46|3.40537987618707|0.494255203444045|0.733345535118133|((t2:0.01734052028,t19:0.01734052028):0.8462499334,(((((t44:0.2909682866,(t31:0.09926410976,((t32:0.05566763847,t39:0.05566763847):0.02339023275,(t22:0.01100036743,t23:0.01100036743):0.06805750379):0.02020623854):0.1917041768):0.05989692692,t33:0.3508652135):0.2239048889,((t15:0.1761129547,((t26:0.004321600615,t16:0.004321600615):0.1517684591,t37:0.1560900597):0.02002289496):0.118024657,t45:0.2941376117):0.2806324907):0.141215145,t28:0.7159852473):0.1224175919,(((((t20:0.02435156057,t25:0.02435156057):0.2721600753,(((t1:0.006598774006,t38:0.006598774006):0.01269240173,t34:0.01929117574):0.1520737759,t18:0.1713649516):0.1251466843):0.4385982222,((((t8:0.01313518234,t21:0.01313518234):0.1944628679,(t5:0.04029803098,t43:0.04029803098):0.1673000193):0.008785640875,(t30:0.09032737708,t24:0.09032737708):0.1260563141):0.05896831711,((t29:0.02548954581,t27:0.02548954581):0.2261723039,(t14:0.005705850697,t42:0.005705850697):0.245955999):0.02369015861):0.4597578498):0.01028923795,((((t3:0.1389168449,(t9:0.1080915104,((t6:0.01397941841,t11:0.01397941841):0.05896492868,t4:0.07294434709):0.03514716329):0.03082533447):0.1736115837,(t13:0.04384039649,t35:0.04384039649):0.2686880321):0.02901163028,t12:0.3415400588):0.1373134875,((t36:0.1392652511,t46:0.1392652511):0.1417235671,(t40:0.0003570193532,t7:0.0003570193532):0.2806317989):0.1978647281):0.2665455497):0.04751820615,((t17:0.5123912615,t10:0.5123912615):0.1383349998,t41:0.6507262613):0.1421910409):0.04548553703):0.02518761443):0.01817840027;
24|1.80495668866439|0.258581529567018|0.859833098482341|(((((((t20:0.01891769695,t5:0.01891769695):0.4722152366,(t15:0.4493427428,(t13:0.03466476105,t19:0.03466476105):0.4146779817):0.04179019078):0.1080193359,t12:0.5991522695):0.02449537388,t2:0.6236476434):0.02225776805,((t4:0.2788760575,(t16:0.05625886914,t3:0.05625886914):0.2226171884):0.1906449322,(t1:0.1672109147,t17:0.1672109147):0.302310075):0.1763844217):0.06453484291,((t7:0.5431559133,(t18:0.4004036886,(t6:0.2726010599,t10:0.2726010599):0.1278026286):0.1427522247):0.01659302039,((t11:0.3432568017,t14:0.3432568017):0.1606124378,(t21:0.3190517058,((t8:0.003651557498,t24:0.003651557498):0.2083318263,t23:0.2119833838):0.1070683219):0.1848175337):0.05587969417):0.1506913207):0.2177896051,(t9:0.1173687484,t22:0.1173687484):0.8108611111):0.7557874558;
18|2.80195281703724|0.289436460880097|0.969967821845785|((((t11:0.1079723485,t10:0.1079723485):0.05679391607,(t4:0.1472177239,((t1:0.05445968045,t8:0.05445968045):0.04644529161,t9:0.1009049721):0.04631275187):0.01754854061):0.08043062397,t18:0.2451968885):0.2790576222,((t16:0.2352853604,(((t7:0.14695276,(t15:0.06053865726,t12:0.06053865726):0.08641410272):0.00906197629,(t14:0.09394929606,t3:0.09394929606):0.06206544022):0.07740512689,(t13:0.001605301559,t5:0.001605301559):0.2318145616):0.00186549719):0.0122486305,((t2:0.1974749373,t17:0.1974749373):0.003668222407,t6:0.2011431597):0.04639083115):0.2767205199):1.42776602;
36|3.53407874370925|0.312090073907748|0.975761034875177|(((t11:0.4875576842,(((t17:0.3131900407,(((t12:0.01302349988,t19:0.01302349988):0.1018707273,(t6:0.0773155106,(t25:0.0644110556,t4:0.0644110556):0.012904455):0.03757871663):0.1705213207,(((t21:0.02962191182,t10:0.02962191182):0.08374766637,t28:0.1133695782):0.1449678813,((t23:0.05602682017,((t22:0.0156664712,t15:0.0156664712):0.009034984898,t7:0.0247014561):0.03132536407):0.02036011133,t29:0.0763869315):0.181950528):0.02707808848):0.02777449272):0.001388278266,t24:0.3145783189):0.1245039951,t31:0.439082314):0.04847537022):0.1522557181,(((t9:0.4735920691,t30:0.4735920691):0.03999097349,((((t26:0.02137777961,t36:0.02137777961):0.2745900818,(t14:0.07605091812,(t1:0.01525549494,t34:0.01525549494):0.06079542318):0.2199169433):0.007488893211,(((t2:0.09254655412,t16:0.09254655412):0.005580574283,t18:0.0981271284):0.02427519317,t13:0.1224023216):0.181054433):0.1195492125,((t32:0.2447866323,(t27:0.1659177568,t20:0.1659177568):0.07886887548):0.1536939563,t5:0.3984805886):0.02452537849):0.09057707549):0.03721631661,t3:0.5507993592):0.08901404315):0.07720233216,(t33:0.264039527,(t35:0.1106278479,t8:0.1106278479):0.1534116791):0.4529762075):0.1032133405;
28|0.409937753197737|0.184776815173682|0.960779709392227|((((((t13:2.507832641,t10:2.507832641):0.7925798353,((((t4:0.5345727347,t1:0.5345727347):0.3389545865,t3:0.8735273212):0.2048790079,(t15:0.8624585129,t24:0.8624585129):0.2159478161):2.184108085,t19:3.262514414):0.03789806293):0.2480520404,((t5:1.476560595,t2:1.476560595):1.530538217,(t25:1.501827017,t22:1.501827017):1.505271795):0.5413657047):1.588395047,(t7:0.1153105688,t6:0.1153105688):5.021548995):0.6744122254,(t9:1.879948863,(t23:0.1169979725,t21:0.1169979725):1.762950891):3.931322926):3.050209171,((t12:0.4313925732,t28:0.4313925732):4.940881616,(((t26:0.3725169706,t20:0.3725169706):0.215739999,t27:0.5882569695):2.658741191,(((t16:0.5654905525,t8:0.5654905525):0.5335753154,(t18:0.8118100735,t17:0.8118100735):0.2872557944):0.1653287023,(t11:0.8186883783,t14:0.8186883783):0.4457061919):1.982603591):2.125276028):3.489206771):0.5020469111;
15|0.933502489763778|0.439061569471378|0.645506044616923|(t1:2.278316858,(t7:1.18988618,((((t11:0.02843690174,t14:0.02843690174):0.4908907216,t13:0.5193276233):0.3212045059,((t12:0.6571053203,(((t2:0.06035395856,t3:0.06035395856):0.09386924663,t5:0.1542232052):0.3943089071,t9:0.5485321123):0.108573208):0.1718562507,(t8:0.2304786907,t15:0.2304786907):0.5984828803):0.01157055823):0.009659373333,((t10:0.02029645024,t6:0.02029645024):0.3193373279,t4:0.3396337781):0.5105577244):0.339694677):1.088430678):0.6733514547;
37|1.44343279364519|0.257672793404199|0.759350382257253|((((t37:0.2318877923,t12:0.2318877923):0.6251261229,((t33:0.0481765018,t19:0.0481765018):0.6160498755,(t23:0.4932399671,(t24:0.3805504392,t11:0.3805504392):0.1126895279):0.1709864102):0.1927875379):1.062248845,(t13:1.394181486,t2:1.394181486):0.5250812739):0.1738341764,(((t34:0.5942133804,(t29:0.121089839,(t17:0.09933589413,(t22:0.02250630574,t7:0.02250630574):0.07682958838):0.02175394492):0.4731235414):0.6526610857,(((t9:0.4608376194,t4:0.4608376194):0.03599473665,t20:0.496832356):0.03876193451,((t14:0.2998541264,t16:0.2998541264):0.2280110419,(t1:0.2552390227,t15:0.2552390227):0.2726261456):0.007729122267):0.7112801755):0.5517302585,(((((t25:0.2233077124,t32:0.2233077124):0.3583234938,(((t10:0.1406682808,t27:0.1406682808):0.1888491389,t30:0.3295174197):0.2425448576,t5:0.5720622773):0.009568928793):0.1376708755,(t21:0.1027393487,t31:0.1027393487):0.6165627329):0.2358282742,t35:0.9551303558):0.7070806013,(((t18:0.6639461943,t26:0.6639461943):0.2514023154,(t6:0.008133181737,t8:0.008133181737):0.9072153279):0.1904225123,((t3:0.1308451562,t36:0.1308451562):0.8449185588,t28:0.975763715):0.130007307):0.5564399351):0.1363937674):0.2944922119):0.192956695;
47|3.78039470957825|0.398665152823087|0.827850963105448|(((((t25:0.1073119449,((t4:0.01146703284,t10:0.01146703284):0.04139208424,t23:0.05285911708):0.05445282785):0.07088513662,(t19:0.1246743844,t41:0.1246743844):0.05352269714):0.3275024941,(t44:0.229475485,t18:0.229475485):0.2762240906):0.1570815457,(((t38:0.3825839857,t5:0.3825839857):0.02625862102,t37:0.4088426067):0.2328734443,(((((t20:0.003732440589,t24:0.003732440589):0.06586641328,t39:0.06959885387):0.2769262155,(((t3:0.1821214855,(t16:0.1518418296,t43:0.1518418296):0.0302796559):0.08268966423,(((t8:0.149122602,t13:0.149122602):0.05140735961,(t40:0.004846273625,t6:0.004846273625):0.195683688):0.04732114798,(t46:0.04591414244,t9:0.04591414244):0.2019369671):0.01696004017):0.06786650972,((t11:0.08719139832,t1:0.08719139832):0.03726533388,(t30:0.01014426916,t47:0.01014426916):0.114312463):0.2082209273):0.01384740993):0.18431728,(t36:0.2178278968,t28:0.2178278968):0.3130144526):0.01349943527,t29:0.5443417847):0.09737426635):0.02106507029):0.1135049106,(((t45:0.1463804965,t35:0.1463804965):0.09556840798,(t31:0.1130675867,((t34:0.03735096279,t15:0.03735096279):0.05571522278,t42:0.09306618557):0.02000140111):0.1288813178):0.06798646951,(((t12:0.1462937813,(t7:0.01277900341,t27:0.01277900341):0.1335147779):0.1075579428,(t22:0.1288232323,t17:0.1288232323):0.1250284918):0.01286224015,((t2:0.007371516145,t33:0.007371516145):0.1762896552,((t21:0.04091887299,(t26:0.01384309467,t14:0.01384309467):0.02707577832):0.08476785111,t32:0.1256867241):0.05797444727):0.08305279293):0.04322140967):0.466350658):0.6431452763;
49|2.68881039051805|0.365478432825767|0.956886934582144|(((((t33:0.3953322176,t45:0.3953322176):0.2155125696,((t49:0.02681889873,t30:0.02681889873):0.04629411841,t23:0.07311301714):0.5377317701):0.1698068268,(t18:0.5425772512,((t19:0.3434767718,(t46:0.2333790788,(t17:0.05839404123,t27:0.05839404123):0.1749850376):0.110097693):0.01720823621,((t32:0.03449616782,(t48:0.002484304399,t8:0.002484304399):0.03201186342):0.2025382158,t12:0.2370343836):0.1236506244):0.1818922432):0.2380743628):0.5764857172,((((t42:0.0918108265,t37:0.0918108265):0.6311552501,(((t6:0.03304938624,t2:0.03304938624):0.0294320079,t4:0.06248139414):0.2262334481,((t10:0.008432459836,t47:0.008432459836):0.05912358743,t26:0.06755604727):0.221158795):0.4342512343):0.3046097243,(t11:0.1733420705,(t28:0.1197966438,t39:0.1197966438):0.05354542667):0.8542337304):0.04395767721,(((t25:0.1340435476,t41:0.1340435476):0.2919130956,((t34:0.1921072662,(t13:0.181183856,t29:0.181183856):0.01092341022):0.178195999,(t7:0.1803518338,t22:0.1803518338):0.1899514313):0.055653378):0.1626373327,((t35:0.3658879104,(t40:0.2917416198,t9:0.2917416198):0.07414629058):0.1466567555,t36:0.5125446659):0.07604931005):0.4829395022):0.2856038531):0.1560438089,(((t44:0.04123607486,t31:0.04123607486):0.5105957473,((t3:0.4696469701,(t14:0.1570858972,(t43:0.07294371276,t21:0.07294371276):0.08414218441):0.312561073):0.03251906986,(t20:0.2595569089,(t15:0.1354798428,(t16:0.02647381347,t5:0.02647381347):0.1090060294):0.124077066):0.2426091311):0.04966578213):0.7460318895,((t38:0.06987367357,t24:0.06987367357):0.4686886252,t1:0.5385622987):0.7593014129):0.2153174285):1.137996085;
29|1.79343201961368|0.125236437963322|0.507550828391686|(((((((t22:0.01616281936,t7:0.01616281936):0.2782956639,t13:0.2944584832):0.01942787786,t26:0.3138863611):0.3707129056,t15:0.6845992668):0.4312268941,(t8:0.3710458823,(t14:0.2013414816,t27:0.2013414816):0.1697044007):0.7447802785):0.1036382056,((t20:0.771557075,(t10:0.4127869231,t16:0.4127869231):0.3587701519):0.2041514108,(((((t18:0.002852952653,t17:0.002852952653):0.2388737206,(t5:0.2351352309,(t19:0.1543649068,t21:0.1543649068):0.08077032409):0.006591442379):0.3082501894,((t29:0.477983162,t2:0.477983162):0.07046782137,(t4:0.2999965756,t11:0.2999965756):0.2484544077):0.001525879344):0.05234020902,((t1:0.01359702029,t23:0.01359702029):0.4627363999,(t12:0.2653944881,t28:0.2653944881):0.2109389322):0.1259836515):0.2706375114,(t24:0.3201229607,t9:0.3201229607):0.5528316224):0.1027539027):0.2437558806):0.155999738,((t6:0.1930555547,t25:0.1930555547):0.2249223805,t3:0.4179779352):0.9574861693):0.2851057512;
11|2.15303491241531|0.0449940425716341|0.63627681590151|(((t7:0.1342164621,t8:0.1342164621):0.9729280138,((t3:0.0958790371,t2:0.0958790371):0.03540534724,t1:0.1312843843):0.9758600916):0.1753504536,(((t10:0.07617963569,t5:0.07617963569):0.1938695394,t4:0.2700491751):0.0683816787,((t6:0.2040159947,t9:0.2040159947):0.0964519371,t11:0.3004679318):0.03796292196):0.9440640757):0.9920275792;
27|1.07482705176342|0.326909527133685|0.90619829739444|(((((t24:0.7038435595,((t26:0.4306866811,t10:0.4306866811):0.2280607911,((t20:0.06562092215,t22:0.06562092215):0.4017668593,t23:0.4673877815):0.1913596907):0.04509608735):0.0367300441,t12:0.7405736036):0.3357976589,((t9:0.4819321662,((t8:0.106632605,t13:0.106632605):0.2573721164,t5:0.3640047215):0.1179274447):0.2283208758,((t1:0.005743463313,t14:0.005743463313):0.3815616514,t15:0.3873051147):0.3229479273):0.3661182205):0.493380933,(t4:0.04953656078,t21:0.04953656078):1.520215635):0.7104561753,((t6:0.575806891,t27:0.575806891):0.938305832,(((t11:0.1623826029,t19:0.1623826029):0.04749348561,(t16:0.000848896707,t18:0.000848896707):0.2090271918):1.103555655,(((t2:0.03330070118,t25:0.03330070118):0.05946302716,t3:0.09276372834):0.6642338947,(t17:0.2575716531,t7:0.2575716531):0.49942597):0.5564341201):0.2006809799):0.7660956477):1.100928727;
28|2.42217620242387|0.403834133958444|0.787276350543834|((((t28:0.157166636,t14:0.157166636):0.614506831,((((t18:0.0966937119,t17:0.0966937119):0.09665972123,(t27:0.04663039002,t24:0.04663039002):0.1467230431):0.3031369672,(((t23:0.1519573897,t16:0.1519573897):0.05537316449,t5:0.2073305542):0.2466420607,(((t10:0.2047741055,((t20:0.06076773687,t1:0.06076773687):0.06278257836,t8:0.1235503152):0.08122379031):0.05887935246,t26:0.263653458):0.1746027092,(t4:0.1597214868,t13:0.1597214868):0.2785346804):0.01571644777):0.04251778538):0.1179673431,(t6:0.6006833825,(t15:0.07317587049,t11:0.07317587049):0.527507512):0.01377436101):0.1572157235):0.1657006014,((t19:0.2414040671,t21:0.2414040671):0.1049429879,t3:0.346347055):0.5910270134):0.4494838886,((t2:0.3396902076,(t25:0.09776125899,((t9:0.05427338341,t12:0.05427338341):0.03604849799,t7:0.0903218814):0.007439377584):0.2419289486):0.09063900824,t22:0.4303292158):0.9565287412):1.334127188;
34|2.37899843469728|0.364266751599498|0.839256047736853|((((t20:0.2484969922,t7:0.2484969922):0.06226362099,(t28:0.09559712806,t29:0.09559712806):0.2151634852):0.8139185874,(((t27:0.1170401274,t16:0.1170401274):0.1868795296,(t19:0.2463726662,((((t18:0.02178144734,t26:0.02178144734):0.1049618835,t34:0.1267433308):0.05363244121,t23:0.180375772):0.02077644621,t8:0.2011522182):0.045220448):0.05754699075):0.3509795545,(((t22:0.08285138245,t5:0.08285138245):0.3456706053,(((t30:0.07056872651,t6:0.07056872651):0.04833252936,t4:0.1189012559):0.1168580585,(t9:0.02327035087,t13:0.02327035087):0.2124889634):0.1927626734):0.1098020406,((t1:0.126658503,(t10:0.08027250202,t32:0.08027250202):0.04638600094):0.02936675832,t2:0.1560252613):0.3822987671):0.1165751831):0.4697799891):0.07791545872,((((t11:0.1019876036,t15:0.1019876036):0.5142738191,t17:0.6162614227):0.3134852023,((t21:0.3356323393,(t24:0.2471914309,((t33:0.04099926694,t31:0.04099926694):0.04703071109,t25:0.08802997803):0.1591614528):0.08844090849):0.4273359117,t12:0.762968251):0.166778374):0.2214584508,(t3:0.5893430833,t14:0.5893430833):0.5618619925):0.05138958358):0.3068719985;
24|1.13558468804462|0.0506595398671925|0.646171572268941|((t15:2.442311629,(((t7:0.1029168891,t17:0.1029168891):1.330666412,(t6:1.041418044,(t3:0.5352349551,(t13:0.2242176936,t12:0.2242176936):0.3110172615):0.5061830888):0.3921652576):0.879622474,((t14:0.662986593,((t5:0.3197049867,t16:0.3197049867):0.3187714475,t20:0.6384764342):0.02451015884):0.3817501119,t18:1.044736705):1.268469071):0.1291058531):0.5713792729,((t21:0.864722485,(((t8:0.5379731884,((t10:0.08844859087,t11:0.08844859087):0.01259837119,t1:0.1010469621):0.4369262263):0.2609524546,t9:0.798925643):0.04104017366,((t24:0.401093668,t22:0.401093668):0.2967581816,t19:0.6978518496):0.142113967):0.02475666835):0.881684324,(t23:0.8892428573,(t4:0.09510350788,t2:0.09510350788):0.7941393495):0.8571639516):1.267284093):4.159070349;
17|1.38465372471139|0.290446761297062|0.512530848267488|(((t17:0.2343850882,(t16:0.1566045676,t6:0.1566045676):0.07778052059):0.2079090514,(t12:0.06869255332,t11:0.06869255332):0.3736015863):1.371110467,(((t4:0.3192505763,(t9:0.2576236078,t1:0.2576236078):0.0616269685):0.9897118888,((t8:0.4199139207,t14:0.4199139207):0.1307886282,t2:0.550702549):0.7582599162):0.3533757921,(t15:1.08625326,(t10:0.5582807148,(t13:0.4354798918,(t5:0.2553998852,(t7:0.01294193231,t3:0.01294193231):0.2424579529):0.1800800066):0.122800823):0.5279725449):0.5760849975):0.1510663499):1.70802816;
19|0.843808472200762|0.10224389021052|0.975271748495288|((t12:2.219437208,(t14:0.9424961407,t17:0.9424961407):1.276941067):0.5149987472,(((t7:0.1548180322,(t11:0.1090063872,t10:0.1090063872):0.04581164496):1.562296295,t1:1.717114327):0.2998934605,(t2:1.853162171,(((((t6:0.05609223503,t18:0.05609223503):0.125509711,t9:0.181601946):0.3657970515,t4:0.5473989975):0.4438063339,t5:0.9912053314):0.8022443378,(((t3:0.2521074174,t19:0.2521074174):0.435947687,t8:0.6880551044):0.5630868071,((t13:0.3192625316,t15:0.3192625316):0.3881389811,t16:0.7074015127):0.5437403988):0.5423077578):0.05971250225):0.1638456162):0.7174281673):1.087319692;
11|3.88443945806939|0.141780413971283|0.854282122571021|(((t3:0.1553172758,(((t8:0.002164581631,t5:0.002164581631):0.0172875411,t6:0.01945212273):0.01214968699,t10:0.03160180972):0.123715466):0.157460097,(t7:0.2947408916,((t4:0.09684237684,t11:0.09684237684):0.1442801615,(t9:0.1640699514,t2:0.1640699514):0.07705258688):0.05361835323):0.01803648123):0.1101213985,t1:0.4228987713):0.06436654676;
15|3.2490336013562|0.446019835111219|0.743846269324422|(((t5:0.2772985068,(t1:0.2756994658,t14:0.2756994658):0.001599041061):0.3488334362,t3:0.626131943):0.4343736121,(((t8:0.06817351534,t10:0.06817351534):0.2397921984,t2:0.3079657138):0.5953314963,((t11:0.01757734919,t15:0.01757734919):0.4364571655,((t4:0.06793201064,t12:0.06793201064):0.1551969375,((t13:0.07317936579,t9:0.07317936579):0.08399258256,(t6:0.07206371137,t7:0.07206371137):0.08510823697):0.06595699976):0.2309055666):0.4492626954):0.1572083451):0.5649542957;
28|2.81674303750275|0.199727697782218|0.792519603972323|((((((t6:0.2411771396,((t20:0.05401216697,t18:0.05401216697):0.1287164646,t1:0.1827286316):0.05844850804):0.3708817807,t4:0.6120589203):0.08434705618,((t11:0.06514046871,t2:0.06514046871):0.06614186719,(t9:0.03081750575,t16:0.03081750575):0.1004648301):0.5651236406):0.06892243321,((t28:0.3326993188,(t12:0.02424058411,t23:0.02424058411):0.3084587347):0.0093385901,(t17:0.2857748893,(t24:0.02244261215,t3:0.02244261215):0.2633322772):0.05626301961):0.4232905008):0.3973750831,t22:1.162703493):0.01337417574,(((((((t10:0.002631388796,t8:0.002631388796):0.1000398872,t26:0.102671276):0.1571537674,(t21:0.1239970338,t19:0.1239970338):0.1358280096):0.04465299363,(t14:0.2173801683,t15:0.2173801683):0.08709786881):0.5548865362,t7:0.8593645733):0.1841261373,(t27:0.1298711088,t13:0.1298711088):0.9136196018):0.04581521678,(t25:0.3644346388,t5:0.3644346388):0.7248712886):0.08677174112):0.1344993689;
33|0.710215838453732|0.16464889083989|0.776902730343863|((((t27:0.9375547263,t9:0.9375547263):3.329720111,((((t31:0.6178425324,((t4:0.1667220402,t26:0.1667220402):0.1157864645,t30:0.2825085047):0.3353340277):0.1126239384,(t29:0.07599053452,t3:0.07599053452):0.6544759362):0.7580249126,((t17:0.6234876017,t19:0.6234876017):0.6580675518,(t5:1.237925711,t22:1.237925711):0.04362944216):0.2069362299):1.077455718,t32:2.565947101):1.701327736):0.02563681399,((((t10:1.361538565,((t1:0.02129597427,t12:0.02129597427):0.3797541503,t20:0.4010501246):0.9604884401):0.13203956,(t33:1.32360031,t11:1.32360031):0.1699778144):0.378516073,(t23:0.1586116589,(t8:0.05829644641,t6:0.05829644641):0.1003152125):1.713482539):1.077542191,t15:2.949636389):1.343275263):0.2370652507,((((t16:0.2889946979,t21:0.2889946979):0.9942459463,t2:1.283240644):1.357809243,((t7:0.6414196005,(t18:0.3066552347,t14:0.3066552347):0.3347643658):0.4741387171,(t24:0.3290954449,t25:0.3290954449):0.7864628727):1.52549157):0.7853783293,(t28:0.03334688726,t13:0.03334688726):3.39308133):1.103548685):1.22792875;
24|0.661833403564524|0.0874908315204084|0.9280354072107|(((t13:1.530134879,t8:1.530134879):0.5657763735,(t4:1.801325724,(((t11:0.9980502045,t23:0.9980502045):0.1029919096,(t6:0.5060290681,t14:0.5060290681):0.595013046):0.5837163027,(((t3:0.9326468189,(t22:0.3953269165,t12:0.3953269165):0.5373199024):0.09800817706,(t2:0.9197638797,((t21:0.2261666192,t24:0.2261666192):0.0006872784228,(t16:0.1485612549,t15:0.1485612549):0.07829264278):0.692909982):0.1108911163):0.6005339002,((t10:0.5458077982,(((t18:0.09323948966,t9:0.09323948966):0.07623317039,t5:0.1694726601):0.1451922281,(t7:0.1340147096,t1:0.1340147096):0.1806501785):0.2311429101):0.7466464041,t17:1.292454202):0.3387346939):0.05356952059):0.1165673071):0.2945855284):0.8734895189,(t19:2.057911955,t20:2.057911955):0.9114888159):0.2040760289;
44|3.248599917104|0.0211148172663525|0.944687818060629|(((((t35:0.4563824505,t23:0.4563824505):0.09936589625,(((t6:0.1681472756,t5:0.1681472756):0.0699735235,(t20:0.1235417054,t33:0.1235417054):0.1145790937):0.06789847437,(t2:0.155820526,t29:0.155820526):0.1501987475):0.2497290732):0.2140513433,((t39:0.05049411341,t30:0.05049411341):0.2250899494,(t1:0.08792811548,t13:0.08792811548):0.1876559473):0.4942156272):0.5579042537,(t43:0.11876542,t8:0.11876542):1.208938524):0.2587209463,(t16:0.808461247,(((((t36:0.1004732719,t44:0.1004732719):0.2879283785,(t42:0.01000111415,t21:0.01000111415):0.3784005362):0.03807490707,(((t24:0.1320976706,t38:0.1320976706):0.1407863399,(t41:0.2556471135,t18:0.2556471135):0.01723689703):0.1459674473,t28:0.4188514578):0.007625099599):0.1025512298,t11:0.5290277872):0.1019694003,((t19:0.1403669408,(t10:0.1087820599,t12:0.1087820599):0.03158488091):0.3375896664,(t40:0.4005089195,(((((t34:0.02355966312,t22:0.02355966312):0.1310012231,t7:0.1545608862):0.120762519,(t15:0.2244951316,(t31:0.1659560768,t9:0.1659560768):0.05853905478):0.05082827364):0.08350506404,(t17:0.2938424875,((t14:0.129711311,t26:0.129711311):0.009724014524,t27:0.1394353255):0.154407162):0.06498598178):0.0263611601,((((t25:0.02355104593,t37:0.02355104593):0.0134601991,t4:0.03701124504):0.2136060133,t3:0.2506172583):0.07618864758,t32:0.3268059059):0.05838372353):0.01531929008):0.07744768766):0.1530405804):0.1774640595):0.7779636431):0.3394218011;
47|2.8317125733709|0.183386561984662|0.541081651579589|((((t34:0.260000553,t23:0.260000553):0.4964247771,(t21:0.4874938555,((t37:0.04295728512,t44:0.04295728512):0.2093560387,(t22:0.1761407186,(t5:0.06492178173,t32:0.06492178173):0.1112189368):0.07617260527):0.2351805316):0.2689314746):0.2751953652,((t26:0.08574631033,t19:0.08574631033):0.1856762348,(t15:0.07320496049,t8:0.07320496049):0.1982175846):0.7601981502):0.4504034538,((((t36:0.4972736339,(t41:0.4027236378,t31:0.4027236378):0.09454999611):0.3798382176,(((t30:0.08934409754,t6:0.08934409754):0.0354659431,t24:0.1248100406):0.5435247678,(t18:0.4681677538,(t27:0.4146344667,t9:0.4146344667):0.05353328713):0.2001670547):0.208777043):0.3515757074,((t39:0.8437302652,((t10:0.3276415263,t2:0.3276415263):0.3641793359,((t12:0.2501066547,t14:0.2501066547):0.3130294944,t17:0.5631361491):0.1286847132):0.1519094029):0.1671603985,(t35:0.007802930281,t3:0.007802930281):1.003087733):0.2177968952):0.1946801892,(((((t42:0.02041250116,t11:0.02041250116):0.1617718273,(t16:0.110464487,t38:0.110464487):0.0717198415):0.5069139271,((t45:0.1484761779,(t25:0.02716897152,t33:0.02716897152):0.1213072063):0.0350651276,t7:0.1835413055):0.5055569501):0.03787371392,t40:0.7269719695):0.2286925505,((((t28:0.4961777743,t46:0.4961777743):0.004854828384,(t43:0.1386343379,t1:0.1386343379):0.3623982648):0.03813641689,(t47:0.09541922804,t13:0.09541922804):0.4437497915):0.3961451229,(t29:0.6703866299,(t20:0.06870045708,t4:0.06870045708):0.6016861728):0.2649275126):0.02035037747):0.4677032282):0.05865640095):0.2249556608;
42|0.802627586943563|0.0299734879354946|0.517204487347044|(((t15:0.1189415177,t4:0.1189415177):2.870955647,((t35:2.111939981,(t27:0.8473271742,t29:0.8473271742):1.264612807):0.788221163,(t34:0.02003655018,t36:0.02003655018):2.880124594):0.08973602077):0.2489884124,((((((t12:1.087446447,t28:1.087446447):1.194400046,(t40:2.273065826,(t2:0.9333703454,(t21:0.7208066636,t30:0.7208066636):0.2125636818):1.33969548):0.008780667443):0.2437893514,((t3:1.622992636,(t20:0.3311814095,(t14:0.3010100772,t11:0.3010100772):0.03017133222):1.291811227):0.537835597,(t17:0.5215170164,(t42:0.3619472279,t13:0.3619472279):0.1595697885):1.639311217):0.3648076111):0.01137063321,((((t1:0.4335761527,t38:0.4335761527):0.2949790841,t9:0.7285552368):0.886536724,t37:1.615091961):0.09715501864,t6:1.712246979):0.8247594982):0.2302308537,((t10:0.5752439119,t31:0.5752439119):1.649303728,(t8:1.934499999,(((t23:0.3911929441,t32:0.3911929441):0.9644196633,t19:1.355612607):0.2056340133,(t39:0.799764646,t25:0.799764646):0.7614819747):0.3732533782):0.2900476415):0.542689691):0.12611936,(t26:2.531359431,(((t18:0.4944315603,t16:0.4944315603):1.042624836,(t5:0.4113863864,t33:0.4113863864):1.12567001):0.5130475793,(t24:1.516104855,((t22:0.3948172539,t7:0.3948172539):0.04817684456,t41:0.4429940985):1.073110756):0.5339991207):0.4812554557):0.3619972601):0.3455288861):0.3755064644;
37|0.537920091156848|0.464037652784027|0.763530811294913|((t11:3.122966148,(((((t1:0.4923911778,((t31:0.1286772323,t18:0.1286772323):0.3627997999,(t8:0.4440422818,t25:0.4440422818):0.04743475041):0.0009141456145):0.4271958636,t26:0.9195870414):0.3966977514,(t20:0.4326733293,t32:0.4326733293):0.8836114636):0.05170001678,(t23:0.1796546365,t21:0.1796546365):1.188330173):0.1416418893,(t7:0.9436340545,(t3:0.694917599,t29:0.694917599):0.2487164555):0.5659926444):1.613339449):0.4872368816,((((((t35:0.201512858,t28:0.201512858):0.9065804597,((t9:0.9819427397,t5:0.9819427397):0.03374872329,t37:1.015691463):0.09240185469):0.2970925254,(t2:1.103648068,((t15:0.900866345,(t22:0.6805626706,t36:0.6805626706):0.2203036744):0.1331695566,(t30:0.2781559457,t34:0.2781559457):0.755879956):0.06961216673):0.3015377747):0.6093954156,(t13:0.2547600828,t24:0.2547600828):1.759821176):0.7413519501,((t33:0.4226876721,t19:0.4226876721):0.9647491295,((t17:0.07095026502,t12:0.07095026502):0.1616112426,t16:0.2325615076):1.154875294):1.368496407):0.1092759212,((t6:0.2447895689,t4:0.2447895689):1.712062893,((t27:0.3031048679,t10:0.3031048679):0.2741317515,t14:0.5772366194):1.379615842):0.9083566682):0.7449938998):4.668244704;
35|3.57015978580108|0.269350126283243|0.550240485114045|((t6:0.6746172368,(((t4:0.4660979077,((((t22:0.01999243681,t13:0.01999243681):0.08049990004,(t12:0.05299558764,t16:0.05299558764):0.04749674921):0.1270361636,((t25:0.06329405609,t35:0.06329405609):0.1568321703,t27:0.2201262264):0.007402274094):0.1538767558,((t29:0.06444858707,t5:0.06444858707):0.1370764496,(t26:0.1867854368,t9:0.1867854368):0.01473959987):0.1798802195):0.08469265152):0.03855255059,(((t34:0.2361519577,t1:0.2361519577):0.08369206278,t18:0.3198440204):0.1301366373,t11:0.4499806578):0.05466980059):0.08404898693,(t2:0.004801545461,t3:0.004801545461):0.5838978998):0.08591779158):0.1798334866,(((t19:0.5429038394,t32:0.5429038394):0.04714771908,((t20:0.2438121824,t21:0.2438121824):0.3395891261,((t30:0.06065770439,t31:0.06065770439):0.04355230154,((t15:0.009020233848,t8:0.009020233848):0.03450953776,t14:0.04352977161):0.06068023432):0.4791913026):0.006650249886):0.2213655645,((t10:0.1446575695,(t28:0.07199429167,t33:0.07199429167):0.07266327779):0.2224574963,((t24:0.3061252009,t23:0.3061252009):0.04138160805,(t17:0.1072438108,t7:0.1072438108):0.2402629981):0.01960825687):0.4443020572):0.0430336004):0.4970765078;
35|3.3208350592549|0.0901024058321491|0.805885812616907|((((t23:0.4118717128,t8:0.4118717128):0.004974670014,(t30:0.2445256466,(t2:0.1914984935,((t19:0.04774439439,t9:0.04774439439):0.1248070201,t21:0.1725514144):0.0189470791):0.05302715306):0.1723207362):0.2032896825,((t34:0.1663713657,((t15:0.01164166445,t25:0.01164166445):0.01673734722,t7:0.02837901167):0.137992354):0.2024996606,(((t4:0.05800771816,t6:0.05800771816):0.151423694,t18:0.2094314122):0.007223889354,((t1:0.03412277215,t20:0.03412277215):0.03070509925,t12:0.0648278714):0.1518274301):0.1522157248):0.251265039):0.6866584608,(((((t35:0.07410399382,t26:0.07410399382):0.1465977107,t28:0.2207017046):0.1941537746,((t5:0.1889543372,t33:0.1889543372):0.01589428648,(t16:0.2047509074,t13:0.2047509074):9.771627762e-05):0.2100068555):0.3425339572,((t11:0.3255578534,t22:0.3255578534):0.02018266802,t24:0.3457405214):0.411648915):0.4548166668,(((t3:0.06242264599,t31:0.06242264599):0.2112354958,t27:0.2736581418):0.7137343956,(t17:0.5138457801,(((t32:0.04914006077,t14:0.04914006077):0.1412766666,t29:0.1904167274):0.2198660894,t10:0.4102828168):0.1035629633):0.4735467573):0.2248135658):0.09458842289):0.2026771972;
11|1.30301698777359|0.316827735961415|0.532451670849696|(((((t6:0.3429478393,t1:0.3429478393):0.5902603391,t7:0.9332081785):0.4554122897,(((t4:1.233475255,t5:1.233475255):0.1341165248,(t9:0.9204429195,(t2:0.1139902691,t10:0.1139902691):0.8064526504):0.4471488602):0.004278529074,t8:1.371870309):0.01675015939):0.894060391,t11:2.282680859):0.003823942265,t3:2.286504801):1.435908126;
49|2.38394606865477|0.213215700206347|0.617944088531658|((((t32:0.5497023857,t4:0.5497023857):0.9662328053,(((t27:0.5784342918,t42:0.5784342918):0.02306729996,(t29:0.4466977183,(t10:0.4292160683,t13:0.4292160683):0.01748164996):0.1548038735):0.07753908588,(t38:0.07480121644,(t1:0.02152238404,t34:0.02152238404):0.0532788324):0.6042394612):0.8368945134):0.05407379403,(t49:0.8189080945,(((t6:0.2712939016,t2:0.2712939016):0.03038916442,(t20:0.2839017817,t26:0.2839017817):0.01778128431):0.3351873777,((t24:0.2888417521,t37:0.2888417521):0.3116470304,t45:0.6004887825):0.03638166128):0.1820376508):0.7511008905):0.05039372274,((((t16:0.233137481,(t46:0.03418370369,(t15:0.02127847955,t11:0.02127847955):0.01290522414):0.1989537773):0.07393114172,(t33:0.1704682593,t39:0.1704682593):0.1366003634):1.169712707,(t35:0.6819471379,t40:0.6819471379):0.7948341919):0.0908491297,((((t19:0.04024842283,(t8:0.0115852851,t25:0.0115852851):0.02866313772):0.2363725912,t43:0.2766210141):1.162092759,((t17:0.6007556454,(t9:0.5059227082,t22:0.5059227082):0.09483293724):0.4543341945,(((t3:0.1414733905,t31:0.1414733905):0.3571211229,((t14:0.271993718,t21:0.271993718):0.03757215904,(t5:0.2687445365,t30:0.2687445365):0.04082134059):0.1890286364):0.07366304126,t36:0.5722575547):0.4828322852):0.3836239327):0.08990717113,(t47:1.01295034,(((t48:0.2599685519,t7:0.2599685519):0.2122092544,(t23:0.01413171045,t12:0.01413171045):0.4580460959):0.09036943496,(((t18:0.002288414277,t28:0.002288414277):0.06603535329,t41:0.06832376757):0.303889021,t44:0.3722127886):0.1903344527):0.4504030987):0.5156706037):0.03900951576):0.0527722483):0.5353075074;
40|0.0412636596336961|0.112686300969217|0.67219886276871|(((((((((((t14:12.53876858,t10:12.53876858):1.383875386,t35:13.92264397):15.23376833,t16:29.1564123):5.848870968,(t31:0.007711587027,t27:0.007711587027):34.99757168):3.628206927,(t15:27.00184174,t29:27.00184174):11.63164845):1.186377497,t39:39.81986769):6.870162361,((t9:6.306334349,t23:6.306334349):10.65397715,t38:16.9603115):29.72971855):13.55991516,((t40:49.62485861,((t12:29.00807981,(t34:21.75761429,(t26:9.129451326,t28:9.129451326):12.62816297):7.25046552):18.17681025,(t13:34.22163269,((((t7:3.873434803,t11:3.873434803):0.5994013493,t2:4.472836152):4.887463725,t22:9.360299877):15.94490654,t8:25.30520642):8.91642627):12.96325738):2.439968544):2.091523716,(t25:13.81326826,(t3:13.74933956,t20:13.74933956):0.06392870319):37.90311406):8.533562885):3.194529345,((t6:21.5654802,(((t17:5.995727251,(t32:4.349376897,t18:4.349376897):1.646350354):5.32071564,t33:11.31644289):8.880650558,t30:20.19709345):1.368386754):11.43083339,(t24:9.801569105,t5:9.801569105):23.19474448):30.44816097):5.292690142,((t19:45.80161718,(t21:37.27822448,t1:37.27822448):8.523392702):3.73924103,(t37:6.793807506,t4:6.793807506):42.74705071):19.19630649):4.893067551,t36:73.63023225):51.00225507;
47|0.0456681580212899|0.213568035934586|0.644969244720414|(((((t37:1.510780694,t5:1.510780694):21.41764541,(t17:21.03189242,((t43:6.481247429,t40:6.481247429):7.642596326,(t36:13.68950629,t24:13.68950629):0.4343374618):6.90804866):1.896533688):22.084606,(((t19:5.246753179,t28:5.246753179):14.14503346,(t35:2.698827444,t30:2.698827444):16.69295919):10.13303436,((((t21:11.76905078,(t34:4.864207666,t27:4.864207666):6.904843109):12.64862969,((t8:7.729404358,t23:7.729404358):0.3259809513,t26:8.055385309):16.36229516):3.200820002,(t32:22.5035565,(t38:13.97058363,(t1:2.721608673,t29:2.721608673):11.24897495):8.532972871):5.114943973):0.03866830097,((t13:14.08399958,(t39:2.195349541,t46:2.195349541):11.88865004):11.9469356,t7:26.03093517):1.626233597):1.867652232):15.4882111):22.51147286,((t42:57.42971392,(t4:40.9579184,(t12:30.54221912,(t2:19.59048735,(t10:7.212867415,t22:7.212867415):12.37761994):10.95173177):10.41569927):16.47179552):5.249769821,((((t45:0.1815779778,t15:0.1815779778):0.7045463204,t3:0.8861242982):7.235459396,t14:8.121583695):41.23736812,t41:49.35895182):13.32053192):4.845021219):15.18200474,((t6:20.2992096,(((t16:3.057786078,t18:3.057786078):8.98503039,t47:12.04281647):5.253229302,(((t25:4.101324192,t44:4.101324192):3.539884641,(t31:0.983629867,t33:0.983629867):6.657578966):0.1755368783,t9:7.816745712):9.479300058):3.003163833):42.03753522,(t20:3.199697301,t11:3.199697301):59.13704752):20.36976488):13.47867748;
